id,name,title,company,event_role,session_topic,source_url
1,Shradha Sharma,Founder & CEO,YourStory & The Bharat Project,Welcome Address,Ushering India's AI revolution @ TechSparks,https://techsparks.yourstory.com/blr-25-agenda-items/ushering-indias-ai-revolution-techsparks
2,Sangeeta Bavi,COO,YourStory,Panel Discussion,India's next-gen tech stack: Engineering intelligence for a billion users,https://techsparks.yourstory.com/blr-25-agenda-items/indias-next-gen-tech-stack-engineering-intelligence-for-a-billion-users
3,Madanmohan Rao,Research Director,YourStory,Panel Discussion,Intelligence in motion: Building AI-ready businesses,https://techsparks.yourstory.com/blr-25-agenda-items/intelligence-in-motion-building-ai-ready-businesses
4,Shivani Muthanna,Senior Director - Strategic Partnership and Content,YourStory,Panel Discussion,The resilience playbook: Scaling in India’s lending landscape,https://techsparks.yourstory.com/blr-25-agenda-items/the-resilience-playbook-scaling-in-indias-lending-landscape
5,Rishabh Mansur,Head Content Categories,YourStory,Panel Discussion,Agentic AI and the new CX playbook,https://techsparks.yourstory.com/blr-25-agenda-items/agentic-ai-and-the-new-cx-playbook
6,Abhishek Poddar,Co-founder & CEO,Plum,Panel Discussion,Assisted to autonomous: AI and the future of fintech,https://techsparks.yourstory.com/blr-25-agenda-items/assisted-to-autonomous-ai-and-the-future-of-fintech
7,Aditya Soni,Founder & CEO,CheQ,Product Showcase,CheQ Wisor — India’s first AI credit card expert,https://techsparks.yourstory.com/blr-25-agenda-items/cheq-wisor-indias-first-ai-credit-card-expert
8,Amrit Acharya,Co-founder & CEO,Zetwerk,Fireside Chat,The energy cost of intelligence: How AI is reshaping global power demand,https://techsparks.yourstory.com/blr-25-agenda-items/the-energy-cost-of-intelligence-how-ai-is-reshaping-global-power-demand
9,Arzan Singpurwalla,Lead Channel Partnerships - Business Messaging - India,Meta,Keynote Address,"Connect, converse, convert: The digital commerce wave of tomorrow",https://techsparks.yourstory.com/blr-25-agenda-items/connect-converse-convert-the-digital-commerce-wave-of-tomorrow
10,Hemant Gala,CEO,PhonePe Lending,Panel Discussion,The resilience playbook: Scaling in India’s lending landscape,https://techsparks.yourstory.com/blr-25-agenda-items/the-resilience-playbook-scaling-in-indias-lending-landscape
11,Madhusudhan Rao,CTO,Swiggy,Panel Discussion,Intelligence in motion: Building AI-ready businesses,https://techsparks.yourstory.com/blr-25-agenda-items/intelligence-in-motion-building-ai-ready-businesses
12,Mohit Saxena,Co-founder & CTO,Inmobi,Panel Discussion,India's next-gen tech stack: Engineering intelligence for a billion users,https://techsparks.yourstory.com/blr-25-agenda-items/indias-next-gen-tech-stack-engineering-intelligence-for-a-billion-users
13,Noi Cecilia Oldne,Investor & Chief India Representative,Sweden-India Business Council,Panel Discussion,The borderless blueprint: Sweden and India’s innovation alliance,https://techsparks.yourstory.com/blr-25-agenda-items/the-borderless-blueprint-sweden-and-indias-innovation-alliance
14,Priya Patankar,Head of Corporate Communications,PhonePe,Panel Discussion,Building India's AI-powered digital infra: From payments to data at scale,https://techsparks.yourstory.com/blr-25-agenda-items/building-indias-ai-powered-digital-infra-from-payments-to-data-at-scale
15,Ronnie Screwvala,Co-founder,upGrad & Swades Foundation,Fireside Chat,Building the next big thing: How to win in India’s AI and deep tech decade,https://techsparks.yourstory.com/blr-25-agenda-items/building-the-next-big-thing-how-to-win-in-indias-ai-and-deep-tech-decade
16,Sandeep Alur,CTO,"Microsoft Innovation Hub, Microsoft India",Panel Discussion,Making AI real: Where creativity meets intelligence and scale,https://techsparks.yourstory.com/blr-25-agenda-items/making-ai-real-where-creativity-meets-intelligence-and-scale
17,Sandeep Jethwani,Co-founder,Dezerv,Panel Discussion,Assisted to autonomous: AI and the future of fintech,https://techsparks.yourstory.com/blr-25-agenda-items/assisted-to-autonomous-ai-and-the-future-of-fintech
18,Sanjay Mohan,Group Chief Technology Officer,MakeMyTrip,Panel Discussion,India's next-gen tech stack: Engineering intelligence for a billion users,https://techsparks.yourstory.com/blr-25-agenda-items/indias-next-gen-tech-stack-engineering-intelligence-for-a-billion-users
19,Sanjay Tripathy,Co-founder & CEO,BRISKPE,Panel Discussion,Assisted to autonomous: AI and the future of fintech,https://techsparks.yourstory.com/blr-25-agenda-items/assisted-to-autonomous-ai-and-the-future-of-fintech
20,Srinath Ramakkrushnan,Co-founder & COO,Zetwerk,Fireside Chat,The energy cost of intelligence: How AI is reshaping global power demand,https://techsparks.yourstory.com/blr-25-agenda-items/the-energy-cost-of-intelligence-how-ai-is-reshaping-global-power-demand
21,Takahisa Ohira,Head of Asia Region,Deloitte Tohmatsu Venture Support,Panel Discussion,The global career code: Why Japan is betting on Indian minds,https://techsparks.yourstory.com/blr-25-agenda-items/the-global-career-code-why-japan-is-betting-on-indian-minds
22,Vishal Gupta,CEO,PhonePe Insurance,Fireside Chat,Insurtech for all: Reimagining India’s insurance future,https://techsparks.yourstory.com/blr-25-agenda-items/insurtech-for-all-reimagining-indias-insurance-future
23,Abilash Narahari,VP - Head of Technology & Digital Natives,QualityKiosk Technologies,Panel Discussion,Intelligence at speed: How cloud-native AI is redefining agility in business,https://techsparks.yourstory.com/blr-25-agenda-items/intelligence-at-speed-how-cloud-native-ai-is-redefining-agility-in-business
24,Achyutha Sharma,Design & User research Expert,Dvara Research,Speaker,TechSparks 2024 Speaker Program,https://techsparks.yourstory.com/speakers-a/achyutha-sharma
25,Adithyan RK,Co-founder & CEO,Hyring Inc,Keynote Address,"Fair, fast, and human: Reimagining recruitment with AI agents",https://techsparks.yourstory.com/blr-25-agenda-items/fair-fast-and-human-reimagining-recruitment-with-ai-agents
26,Aditya Ruia,Co-founder,BECO,Speaker,TechSparks 2024 Speaker Program,https://techsparks.yourstory.com/speakers-a/aditya-ruia
27,Adrian Schmidt,Co-founder & CEO,Sarla Aviation,Panel Discussion,Deepening India's deeptech vision with robotics in real-world systems,https://techsparks.yourstory.com/blr-25-agenda-items/deepening-indias-deeptech-vision-with-robotics-in-real-world-systems
28,Ajeesh Achuthan,Co-founder & CTO,Open Financial Technologies,Speaker,TechSparks 2024 Speaker Program,https://techsparks.yourstory.com/speakersb/ajeesh-achuthan
29,Ajit Narayanan,CTPO,Licious,Speaker,TechSparks 2024 Speaker Program,https://techsparks.yourstory.com/speakers-a/ajit-narayanan
30,Akis Evangelidis,Co-founder & India President,Nothing,Panel Discussion,"AI, Access, Ambition: How India Builds the Future of Global Apps",https://techsparks.yourstory.com/blr-25-agenda-items/ai-access-ambition-how-india-builds-the-future-of-global-apps
31,Akshat Kansal,CTO,KIWI,Speaker,TechSparks 2024 Speaker Program,https://techsparks.yourstory.com/speakersb/akshat-kansal
32,Alok Goyal,Partner,Stellaris Venture Partners,Speaker,TechSparks 2024 Speaker Program,https://techsparks.yourstory.com/speakers-a/alok-goyal
33,Amit Purohit,Program Manager,iStart Rajasthan,Speaker,TechSparks 2024 Speaker Program,https://techsparks.yourstory.com/speakers-a/amit-purohit
34,Amit Ramani,Founder & CEO,Awfis Space Solutions,Speaker,TechSparks 2024 Speaker Program,https://techsparks.yourstory.com/speakers-a/amit-ramani
35,Anand Jain,Co-founder,CleverTap,Panel Discussion,Agentic AI and the new CX playbook,https://techsparks.yourstory.com/blr-25-agenda-items/agentic-ai-and-the-new-cx-playbook
36,Ananda Matthur,VP of Engineering,Urban Company,Speaker,TechSparks 2024 Speaker Program,https://techsparks.yourstory.com/speakers-a/ananda-matthur
37,Ananth Narayanan,Founder & CEO,BRND.ME (formerly Mensa Brands),Fireside Chat,From India for the world: Scaling digital-first consumer brands,https://techsparks.yourstory.com/blr-25-agenda-items/from-india-for-the-world-scaling-digital-first-consumer-brands
38,Ananth Narayanan,Founder & CEO,Mensa Brands,Speaker,TechSparks 2024 Speaker Program,https://techsparks.yourstory.com/speakers-a/ananth-narayanan
39,Ananth Shroff,Founder,DPDzero,Keynote Address,Confrontation to compassion: Embedding empathy into debt collection with AI,https://techsparks.yourstory.com/blr-25-agenda-items/confrontation-to-compassion-embedding-empathy-into-debt-collection-with-ai
40,Angad V Raghavan,COO AutoVRse,Unknown Company,Panel Discussion,Building the next reality: The future of AR/VR in India,https://techsparks.yourstory.com/blr-25-agenda-items/building-the-next-reality-the-future-of-ar-vr-in-india
41,Anil Agrawal,Member,Competition Commission of India,Speaker,TechSparks 2024 Speaker Program,https://techsparks.yourstory.com/speakers-a/anil-agrawal
42,Aniruddha Patwardhan,Head of Engineering,PhonePe,Panel Discussion,Building India's AI-powered digital infra: From payments to data at scale,https://techsparks.yourstory.com/blr-25-agenda-items/building-indias-ai-powered-digital-infra-from-payments-to-data-at-scale
43,Anirudh Sharma,Co-founder & CEO,Digantara,Panel Discussion,Intelligence-driven Earth: The business case for geospatial AI,https://techsparks.yourstory.com/blr-25-agenda-items/intelligence-driven-earth-the-business-case-for-geospatial-ai
44,Anish Achuthan,Co-founder & CEO,Open Financial Technologies,Speaker,TechSparks 2024 Speaker Program,https://techsparks.yourstory.com/speakers-a/anish-achuthan
45,Anish Thambi,Head of Marketing India,Snowflake,Panel Discussion,Intelligent enterprises: Designing human-centric growth in the age of AI,https://techsparks.yourstory.com/blr-25-agenda-items/intelligent-enterprises-designing-human-centric-growth-in-the-age-of-ai
46,Ankit Jhingran,Director Engineering,JCPenney India,Speaker,TechSparks 2024 Speaker Program,https://techsparks.yourstory.com/speakers-a/ankit-jhingran
47,Ankur Jain,Co-founder,Jivi AI,Panel Discussion,Doctor-on-cloud: Role of AI in critical to chronic care,https://techsparks.yourstory.com/blr-25-agenda-items/doctor-on-cloud-role-of-ai-in-critical-to-chronic-care
48,Ankur Pal,Chief Data Scientist,Aplazo,Speaker,TechSparks 2024 Speaker Program,https://techsparks.yourstory.com/speakersb/ankur-pal
49,Ankush Sabharwal,Founder & CEO,CoRover.ai,Panel Discussion,Age of AI teammates: Redefining productivity and workplace collaboration,https://techsparks.yourstory.com/blr-25-agenda-items/age-of-ai-teammates-redefining-productivity-and-workplace-collaboration
50,Anshul Khemuka,Partner,Khaitan & Co,Speaker,TechSparks 2024 Speaker Program,https://techsparks.yourstory.com/speakers-a/anshul-khemuka
51,Anuj Kacker,Co-founder,Freo,Panel Discussion,The resilience playbook: Scaling in India’s lending landscape,https://techsparks.yourstory.com/blr-25-agenda-items/the-resilience-playbook-scaling-in-indias-lending-landscape
52,Aravind Sanka,Co-founder,Rapido,Fireside Chat,"The ride of a lifetime: Building speed, scale & spirit",https://techsparks.yourstory.com/blr-25-agenda-items/the-ride-of-a-lifetime-building-speed-scale-spirit
53,Ariane Bucquet Pousette,Head of Startup Ecosystem - Entrepreneurship,Stockholm Business Region,Panel Discussion,The borderless blueprint: Sweden and India’s innovation alliance,https://techsparks.yourstory.com/blr-25-agenda-items/the-borderless-blueprint-sweden-and-indias-innovation-alliance
54,Arjun Rao,General Partner,Speciale Invest,Panel Discussion,India’s deeptech decade: From jugaad to AI-first innovation,https://techsparks.yourstory.com/blr-25-agenda-items/indias-deeptech-decade-from-jugaad-to-ai-first-innovation
55,Arpit Chug,Chief Financial Officer,Razorpay,Speaker,TechSparks 2024 Speaker Program,https://techsparks.yourstory.com/speakersb/arpit-chug
56,Ashish Singhal,Co-founder & Group CEO,PeepalCo,Speaker,TechSparks 2024 Speaker Program,https://techsparks.yourstory.com/speakers-a/ashish-singhal
57,Ashish Vohra,Head of Startups,Databricks,Speaker,TechSparks 2024 Speaker Program,https://techsparks.yourstory.com/speakers-a/ashish-vohra
58,Ashutosh Sharma,Head of Growth Investments,"India & Asia, Prosus Ventures",Speaker,TechSparks 2024 Speaker Program,https://techsparks.yourstory.com/speakers-a/ashutosh-sharma
59,Atul Agarwal,Regional Vice President and Country Manager,India Okta,Speaker,TechSparks 2024 Speaker Program,https://techsparks.yourstory.com/speakersb/atul-agarwal
60,Aviral Bhatnagar,Managing Partner,AJVC,Keynote Address,Pre-seed: India’s most underserved asset class,https://techsparks.yourstory.com/blr-25-agenda-items/pre-seed-indias-most-underserved-asset-class
61,Awais Ahmed,Founder & CEO,Pixxel,Panel Discussion,Intelligence-driven Earth: The business case for geospatial AI,https://techsparks.yourstory.com/blr-25-agenda-items/intelligence-driven-earth-the-business-case-for-geospatial-ai
62,Bala Gorthi,COO,Teleradiology Solutions (TRS),Panel Discussion,AI in enterprise: hype v/s reality,https://techsparks.yourstory.com/blr-25-agenda-items/ai-in-enterprise-hype-v-s-reality
63,Balaji Thiagarajan,CTO & Product Officer,Flipkart,Panel Discussion,Intelligence in motion: Building AI-ready businesses,https://techsparks.yourstory.com/blr-25-agenda-items/intelligence-in-motion-building-ai-ready-businesses
64,Baskar Subramanian,Co-founder & CEO,Amagi Media Labs,Speaker,TechSparks 2024 Speaker Program,https://techsparks.yourstory.com/speakers-a/baskar-subramanian
65,Bharat Goenka,Vice Chairperson,Tally Solutions,Panel Discussion,Crafting the tech adoption journey for MSMEs: The Tally playbook,https://techsparks.yourstory.com/blr-25-agenda-items/crafting-the-tech-adoption-journey-for-msmes-the-tally-playbook
66,Bharat Krishnamurthy,CTO,Yubi,Panel Discussion,The resilience playbook: Scaling in India’s lending landscape,https://techsparks.yourstory.com/blr-25-agenda-items/the-resilience-playbook-scaling-in-indias-lending-landscape
67,Bhavish Aggarwal,Founder,Ola,Speaker,TechSparks 2024 Speaker Program,https://techsparks.yourstory.com/speakers-a/bhavish-aggarwal
68,Bikram Mahajan,Partner,Unicorn India Ventures,Speaker,TechSparks 2024 Speaker Program,https://techsparks.yourstory.com/speakers-a/bikram-mahajan
69,Brajesh De,Managing Director,Blue Altair,Speaker,TechSparks 2024 Speaker Program,https://techsparks.yourstory.com/speakers-a/brajesh-de
70,Bruce Keith,CEO,InvestorAi,Panel Discussion,"Investing in India’s global tech moment, powered by intelligence",https://techsparks.yourstory.com/blr-25-agenda-items/investing-in-indias-global-tech-moment-powered-by-intelligence
71,Darshan Datt K S,Director Engineering,Exotel,Speaker,TechSparks 2024 Speaker Program,https://techsparks.yourstory.com/speakersb/darshan-datt-k-s
72,Debolina Biswas,Lead- SMB Story,YourStory,Panel Discussion,Soil to satellite: Future of smart farming for India,https://techsparks.yourstory.com/blr-25-agenda-items/soil-to-satellite-future-of-smart-farming-for-india
73,Debolina Biswas,Lead - YS Life,YourStory,Speaker,TechSparks 2024 Speaker Program,https://techsparks.yourstory.com/speakersb/debolina-biswas
74,Deena Jacob,Co-founder & CFO,Open Financial Technologies,Speaker,TechSparks 2024 Speaker Program,https://techsparks.yourstory.com/speakers-a/deena-jacob
75,Deepti George,Deputy Executive Director & Head of Strategy,Dvara Research,Speaker,TechSparks 2024 Speaker Program,https://techsparks.yourstory.com/speakers-a/deepti-george
76,Devang Mundhra,CTO,KredX,Speaker,TechSparks 2024 Speaker Program,https://techsparks.yourstory.com/speakersb/devang-mundhra
77,Devika Mittal,Regional Head,Ava Labs,Fireside Chat,AI x blockchain: Empowering India’s next builders,https://techsparks.yourstory.com/blr-25-agenda-items/ai-x-blockchain-empowering-indias-next-builders
78,Dhruv Gupta,Co-founder,Orange Health Labs,Panel Discussion,Intelligent health: Building the future of care with AI,https://techsparks.yourstory.com/blr-25-agenda-items/intelligent-health-building-the-future-of-care-with-ai
79,Dhruv Joshi,Co-founder & Global CEO,Cloudphysician,Panel Discussion,Doctor-on-cloud: Role of AI in critical to chronic care,https://techsparks.yourstory.com/blr-25-agenda-items/doctor-on-cloud-role-of-ai-in-critical-to-chronic-care
80,Dimple Sadhwani,Co-founder,PrivateBlok,Speaker,TechSparks 2024 Speaker Program,https://techsparks.yourstory.com/speakers-a/dimple-sadhwani
81,Divya Krishnamurthy,Senior Technical Architect,"Microsoft Technology Center, India",Speaker,TechSparks 2024 Speaker Program,https://techsparks.yourstory.com/speakers-a/divya-krishnamurthy
82,Dr. Rohini Srivathsa,CTO,Microsoft India and South Asia,Speaker,TechSparks 2024 Speaker Program,https://techsparks.yourstory.com/speakers-a/dr-rohini-srivathsa
83,Dr. Sreedhara Panicker Somanath,Chairman,Indian Space Research Organisation,Speaker,TechSparks 2024 Speaker Program,https://techsparks.yourstory.com/speakers-a/dr-sreedhara-panicker-somanath
84,Dr. Tapan Sahoo,Executive Officer,"Head of Digital Enterprise, Maruti Suzuki India Limited",Speaker,TechSparks 2024 Speaker Program,https://techsparks.yourstory.com/speakers-a/dr-tapan-sahoo
85,Dushyant Mishra,Founder & CEO,Rapid Claims,Panel Discussion,The AI founder DNA: What it takes to build in the AI era,https://techsparks.yourstory.com/blr-25-agenda-items/the-ai-founder-dna-what-it-takes-to-build-in-the-ai-era
86,DVS Shiv Kumar,Solutions Architect,OVHcloud,Speaker,TechSparks 2024 Speaker Program,https://techsparks.yourstory.com/speakersb/dvs-shiv-kumar
87,Emma Rozada,Founder,"Interplanetary Species, Nexular & Techno Creatives Venture",Panel Discussion,The borderless blueprint: Sweden and India’s innovation alliance,https://techsparks.yourstory.com/blr-25-agenda-items/the-borderless-blueprint-sweden-and-indias-innovation-alliance
88,Enbasekar D,Co-founder & CTO,MediBuddy,Speaker,TechSparks 2024 Speaker Program,https://techsparks.yourstory.com/speakers-a/enbasekar-d
89,Ganesh Ramakrishnan,PI - BharatGen; Professor,IIT Bombay,Masterclass,Sovereign and shared: Frugally scalable multilingual–multimodal AI for Bharat,https://techsparks.yourstory.com/blr-25-agenda-items/sovereign-and-shared-frugally-scalable-multilingual-multimodal-ai-for-bharat
90,Gaurav Hinduja,Co-Founder,axio,Panel Discussion,The resilience playbook: Scaling in India’s lending landscape,https://techsparks.yourstory.com/blr-25-agenda-items/the-resilience-playbook-scaling-in-indias-lending-landscape
91,Gautam Aggarwal,President,"India & South Asia, Mastercard",Fireside Chat,Building Bharat: How AI is changing the fintech game,https://techsparks.yourstory.com/blr-25-agenda-items/building-bharat-how-ai-is-changing-the-fintech-game
92,Goutam Kurumella,Head of Startup Solutions Architecture,AWS,Panel Discussion,Intelligence at speed: How cloud-native AI is redefining agility in business,https://techsparks.yourstory.com/blr-25-agenda-items/intelligence-at-speed-how-cloud-native-ai-is-redefining-agility-in-business
93,Hardika Shah,Founder & CEO,Kinara Capital,Speaker,TechSparks 2024 Speaker Program,https://techsparks.yourstory.com/speakersb/hardika-shah
94,Harshil Mathur,Co-founder & CEO,Razorpay,Speaker,TechSparks 2024 Speaker Program,https://techsparks.yourstory.com/speakers-a/harshil-mathur
95,Hemant Kamatgi,Vice President of Customer Experience Platforms,Ford Motor Company,Lightning Talk,The future of software development in the age of AI,https://techsparks.yourstory.com/blr-25-agenda-items/the-future-of-software-development-in-the-age-of-ai
96,Hemant Mohapatra,Partner,Lightspeed India,Panel Discussion,Aatmanirbhar AI: Building an independent intelligence economy,https://techsparks.yourstory.com/blr-25-agenda-items/aatmanirbhar-ai-building-an-independent-intelligence-economy
97,Hon'ble Minister Shri Kinjarapu Rammohan Naidu,Union Minister of Civil Aviation,Govt. of India,Fireside Chat,Sky’s the limit: Building a global drone hub from India,https://techsparks.yourstory.com/blr-25-agenda-items/skys-the-limit-building-a-global-drone-hub-from-india
98,Hon'ble Minister Shri Priyank Kharge,Minister for Electronics,"IT, BT, and Rural Development & Panchayat Raj, Govt. of Karnataka",Fireside Chat,The startup state: Powering India’s entrepreneurial decade,https://techsparks.yourstory.com/blr-25-agenda-items/the-startup-state-powering-indias-entrepreneurial-decade
99,Ipsita Basu,Director - Creative Content,YourStory,Speaker,TechSparks 2024 Speaker Program,https://techsparks.yourstory.com/speakersb/ipsita-basu
100,Ish Babbar,Co-founder & CTO,InsuranceDekho,Fireside Chat,"Local, digital, inclusive: Bridging the insurance gulf for Bharat",https://techsparks.yourstory.com/blr-25-agenda-items/local-digital-inclusive-bridging-the-insurance-gulf-for-bharat
101,Jagjeet Singh,Managing Director,Digireha,Speaker,TechSparks 2024 Speaker Program,https://techsparks.yourstory.com/speakers-a/jagjeet-singh
102,Jaydeep Deshpande,Group Field Marketing Manager - Direct & Partner,Google Cloud,Panel Discussion,Intelligent enterprises: Designing human-centric growth in the age of AI,https://techsparks.yourstory.com/blr-25-agenda-items/intelligent-enterprises-designing-human-centric-growth-in-the-age-of-ai
103,Jigar Halani,Director - Solution Architect & Engg,NVIDIA,Masterclass,Building and deploying scalable and economic GenAI solutions for all industries,https://techsparks.yourstory.com/blr-25-agenda-items/building-and-deploying-scalable-and-economic-genai-solutions-for-all-industries
104,Jithendra Vepa,Co-founder & CTO,Observe.AI,Panel Discussion,Age of AI teammates: Redefining productivity and workplace collaboration,https://techsparks.yourstory.com/blr-25-agenda-items/age-of-ai-teammates-redefining-productivity-and-workplace-collaboration
105,Jollydeep Kaur,Head of Marketing,NextGen Cloud Technologies,Panel Discussion,Intelligent enterprises: Designing human-centric growth in the age of AI,https://techsparks.yourstory.com/blr-25-agenda-items/intelligent-enterprises-designing-human-centric-growth-in-the-age-of-ai
106,Jonathan Ross,Founder & CEO,Groq,Fireside Chat,Speed meets scale: India’s moment in AI infrastructure,https://techsparks.yourstory.com/blr-25-agenda-items/speed-meets-scale-indias-moment-in-ai-infrastructure
107,Kaivalya Vohra,Co-founder,Zepto,Fireside Chat,Inside Zepto & the algorithm powering instant fulfilment,https://techsparks.yourstory.com/blr-25-agenda-items/beyond-blitzscaling-zepto-and-the-economics-of-10-minute-commerce
108,Kanishk Singh,Assistant Editor,YourStory,Speaker,TechSparks 2024 Speaker Program,https://techsparks.yourstory.com/speakersb/kanishk-singh
109,Kaushik Das,Managing Director,Catalyst Brands India,Panel Discussion,GenAI engineering for the enterprise: From hype to high-impact systems,https://techsparks.yourstory.com/blr-25-agenda-items/efficiency-to-intelligence-reimagining-gccs-for-the-ai-age
110,Kaushik Das,Vice President & Managing Director,JCPenney India,Speaker,TechSparks 2024 Speaker Program,https://techsparks.yourstory.com/speakers-a/kaushik-das
111,Kaushik Mudda,Co-founder & CEO,Ethereal Machines,Panel Discussion,Deepening India's deeptech vision with robotics in real-world systems,https://techsparks.yourstory.com/blr-25-agenda-items/deepening-indias-deeptech-vision-with-robotics-in-real-world-systems
112,Kavin KK,Managing Partner Startup Banking,IDFC FIRST Bank,Speaker,TechSparks 2024 Speaker Program,https://techsparks.yourstory.com/speakersb/kavin-kk
113,Kavita Viswanath,SVP & India Country Lead,Toast,Keynote Address,Trust at scale: An era of sustainable AI governance,https://techsparks.yourstory.com/blr-25-agenda-items/trust-at-scale-an-era-of-sustainable-ai-governance
114,Keshav Reddy,Founder,Equal,Speaker,TechSparks 2024 Speaker Program,https://techsparks.yourstory.com/speakers-a/keshav-reddy
115,Khadim Batti,Co-founder & CEO,Whatfix,Panel Discussion,AI in enterprise: hype v/s reality,https://techsparks.yourstory.com/blr-25-agenda-items/ai-in-enterprise-hype-v-s-reality
116,Kiyoko Hashiba,Director for Global Promotion,Tokyo Metropolitan Government,Panel Discussion,Tokyo calling: A new launchpad for India’s startups,https://techsparks.yourstory.com/blr-25-agenda-items/tokyo-calling-a-new-launchpad-for-indias-startups
117,Kiyoko HASHIBA,Director for Global Promotion,"Strategy Promotion Division Office for Startup and Global Financial City Strategy, Tokyo Metropolitan Government",Speaker,TechSparks 2024 Speaker Program,https://techsparks.yourstory.com/speakers-a/kiyoko-hashiba
118,Krishnendu Majumdar,CPTO,Yubi,Speaker,TechSparks 2024 Speaker Program,https://techsparks.yourstory.com/speakers-a/krishnendu-majumdar
119,Kshitij Khandelwal,Founder & CTO,Pixxel,Panel Discussion,Intelligence in motion: Building AI-ready businesses,https://techsparks.yourstory.com/blr-25-agenda-items/intelligence-in-motion-building-ai-ready-businesses
120,Kunal Bahl,Co-founder,Snapdeal & Titan Capital,Speaker,TechSparks 2024 Speaker Program,https://techsparks.yourstory.com/speakers-a/kunal-bahl
121,Kunal Kapoor,Actor & Co-founder,Ketto,Fireside Chat,"Beyond the Spotlight: Kunal Kapoor on Storytelling, Startups, and Staying True",https://techsparks.yourstory.com/blr-25-agenda-items/art-of-storytelling-how-authentic-narratives-build-trust-attract-capital-and-create-loyal-communities
122,Kushal Manupati,Growth and Operations Lead,"South Asia, Binance",Fireside Chat,"Powering India’s Web3 future with Binance: Innovation, skills, trust in digital finance",https://techsparks.yourstory.com/blr-25-agenda-items/powering-indias-web3-future-with-binance-innovation-skills-trust-in-digital-finance
123,Laina Emmanuel,Co-founder & CEO,BrainSightAI,Panel Discussion,Doctor-on-cloud: Role of AI in critical to chronic care,https://techsparks.yourstory.com/blr-25-agenda-items/doctor-on-cloud-role-of-ai-in-critical-to-chronic-care
124,Lalit Keshre,Co-founder & CEO,Groww,Speaker,TechSparks 2024 Speaker Program,https://techsparks.yourstory.com/speakers-a/lalit-keshre
125,Lathika Pai,Country Head,"Venture Capital and Private Equity Partnerships, Microsoft",Speaker,TechSparks 2024 Speaker Program,https://techsparks.yourstory.com/speakers-a/lathika-pai
126,Lisa Ericsson,Head of KTH Innovation & CEO,KTH Ventures,Panel Discussion,The borderless blueprint: Sweden and India’s innovation alliance,https://techsparks.yourstory.com/blr-25-agenda-items/the-borderless-blueprint-sweden-and-indias-innovation-alliance
127,Mabel Chacko,Co-founder & COO,Open Financial Technologies,Speaker,TechSparks 2024 Speaker Program,https://techsparks.yourstory.com/speakers-a/mabel-chacko
128,Madan Padaki,Founder & CEO,1Bridge,Speaker,TechSparks 2024 Speaker Program,https://techsparks.yourstory.com/speakers-a/madan-padaki
129,Madhur Makkar,Principal,RTP Global,Panel Discussion,Aatmanirbhar AI: Building an independent intelligence economy,https://techsparks.yourstory.com/blr-25-agenda-items/aatmanirbhar-ai-building-an-independent-intelligence-economy
130,Malini Dutt,Trade and Investment Commissioner,"India, NSW",Panel Discussion,"Investing in India’s global tech moment, powered by intelligence",https://techsparks.yourstory.com/blr-25-agenda-items/investing-in-indias-global-tech-moment-powered-by-intelligence
131,Manav Garg,Co-founder & Managing Partner,Together Fund,Panel Discussion,The AI founder DNA: What it takes to build in the AI era,https://techsparks.yourstory.com/blr-25-agenda-items/the-ai-founder-dna-what-it-takes-to-build-in-the-ai-era
132,Mandeep Julka,Vice President,Chiratae Ventures,Speaker,TechSparks 2024 Speaker Program,https://techsparks.yourstory.com/speakers-a/mandeep-julka
133,Manoj Agarwal,Co-founder & President,DevRev,Panel Discussion,Age of AI teammates: Redefining productivity and workplace collaboration,https://techsparks.yourstory.com/blr-25-agenda-items/age-of-ai-teammates-redefining-productivity-and-workplace-collaboration
134,Mathangi Sri Ramachandran,Head of YuVerse,Yubi Group,Panel Discussion,Making AI real: Where creativity meets intelligence and scale,https://techsparks.yourstory.com/blr-25-agenda-items/making-ai-real-where-creativity-meets-intelligence-and-scale
135,Mayank Vishwakarma,Director - Customer Success and Presales,primeNumber,Speaker,TechSparks 2024 Speaker Program,https://techsparks.yourstory.com/speakers-a/mayank-vishwakarma
136,Mayur Shah,Executive Director,Suzuki R&D Center India,Panel Discussion,The global career code: Why Japan is betting on Indian minds,https://techsparks.yourstory.com/blr-25-agenda-items/the-global-career-code-why-japan-is-betting-on-indian-minds
137,Meghna Agarwal,Co-founder,IndiQube,Fireside Chat,Bootstrapping to bell-ringing: IndiQube’s journey beyond listing,https://techsparks.yourstory.com/blr-25-agenda-items/bootstrapping-to-bell-ringing-indiqubes-journey-beyond-listing
138,Mohamed Imran K R,Co-founder & CTO,E2E Networks Limited,Keynote Address,Breaking the bottlenecks: Inside India’s AI infrastructure struggle,https://techsparks.yourstory.com/blr-25-agenda-items/breaking-the-bottlenecks-inside-indias-ai-infrastructure-struggle
139,Mohit Khurana,Co-founder & CEO,Uni Seoul,Speaker,TechSparks 2024 Speaker Program,https://techsparks.yourstory.com/speakers-a/mohit-khurana
140,Moiz Arsiwala,Co-founder & CTO,WorkIndia,Panel Discussion,Building India's AI-powered digital infra: From payments to data at scale,https://techsparks.yourstory.com/blr-25-agenda-items/building-indias-ai-powered-digital-infra-from-payments-to-data-at-scale
141,Mukesh Bansal,Founder & CEO,Nurix AI,Fireside Chat,Tech-SparkX: Why now is the time for India to create global impact in AI and deeptech,https://techsparks.yourstory.com/blr-25-agenda-items/tech-sparkx-why-now-is-the-time-for-india-to-create-global-impact-in-ai-and-deeptech
142,Mukul Arora,Co-Managing Partner,Elevation Capital,Speaker,TechSparks 2024 Speaker Program,https://techsparks.yourstory.com/speakers-a/mukul-arora
143,Muralidhar Somisetty,Founder,YogiFi,Panel Discussion,Tokyo calling: A new launchpad for India’s startups,https://techsparks.yourstory.com/blr-25-agenda-items/tokyo-calling-a-new-launchpad-for-indias-startups
144,Nakul Kundra,Co-founder,Devnagri AI,Panel Discussion,Aatmanirbhar AI: Building an independent intelligence economy,https://techsparks.yourstory.com/blr-25-agenda-items/aatmanirbhar-ai-building-an-independent-intelligence-economy
145,Nandita Sinha,CEO,Myntra,Fireside Chat,CEO's guide to building the world's most intelligent fashion platform,https://techsparks.yourstory.com/blr-25-agenda-items/ceos-guide-to-building-the-worlds-most-intelligent-fashion-platform
146,Naoto Nakadate,Senior Director,"Japan-India Startup Hub, JETRO",Panel Discussion,Tokyo calling: A new launchpad for India’s startups,https://techsparks.yourstory.com/blr-25-agenda-items/tokyo-calling-a-new-launchpad-for-indias-startups
147,Narendra Yadav,CBO,"Sr.Vice President, Paytm",Fireside Chat,The speed layer: Real-time AI powering India’s fintech future,https://techsparks.yourstory.com/blr-25-agenda-items/the-speed-layer-real-time-ai-powering-indias-fintech-future
148,Naveen Tewari,Founder & CEO,InMobi Group,Speaker,TechSparks 2024 Speaker Program,https://techsparks.yourstory.com/speakers-a/naveen-tewari
149,Nidhi Gupta,Head of Product - Payments,PhonePe,Speaker,TechSparks 2024 Speaker Program,https://techsparks.yourstory.com/speakers-a/nidhi-gupta
150,Nikhil Mittal,CTO,Zepto,Fireside Chat,Inside Zepto & the algorithm powering instant fulfilment,https://techsparks.yourstory.com/blr-25-agenda-items/beyond-blitzscaling-zepto-and-the-economics-of-10-minute-commerce
151,Nithin Kamath,Founder & CEO,Zerodha & Rainmatter,Speaker,TechSparks 2024 Speaker Program,https://techsparks.yourstory.com/speakers-a/nithin-kamath
152,Nupur Goenka,Executive Director,Tally Solutions,Panel Discussion,Crafting the tech adoption journey for MSMEs: The Tally playbook,https://techsparks.yourstory.com/blr-25-agenda-items/crafting-the-tech-adoption-journey-for-msmes-the-tally-playbook
153,Pankaj Mitra,Partner,Bessemer Venture Partners,Panel Discussion,AI in enterprise: hype v/s reality,https://techsparks.yourstory.com/blr-25-agenda-items/ai-in-enterprise-hype-v-s-reality
154,Paranth Thiruvengadam,Head of Engineering & India Site Leader,Atlassian,Fireside Chat,Building innovation: Atlassian’s playbook for the future,https://techsparks.yourstory.com/blr-25-agenda-items/building-innovation-atlassians-playbook-for-the-future
155,Patanjali Somayaji,CTO,AXIO,Speaker,TechSparks 2024 Speaker Program,https://techsparks.yourstory.com/speakersb/patanjali-somayaji
156,Pavan Sondur,Co-founder & CEO,CoreWorks AI,Panel Discussion,The AI founder DNA: What it takes to build in the AI era,https://techsparks.yourstory.com/blr-25-agenda-items/the-ai-founder-dna-what-it-takes-to-build-in-the-ai-era
157,Payal Ganguly,Managing Editor,YourStory,Speaker,TechSparks 2024 Speaker Program,https://techsparks.yourstory.com/speakersb/payal-ganguly
158,Phani Kishan Addepalli,Co-founder & CGO,Swiggy,Speaker,TechSparks 2024 Speaker Program,https://techsparks.yourstory.com/speakers-a/phani-kishan-addepalli
159,Pooja Gulrajani,Head of Engineering,PhonePe,Speaker,TechSparks 2024 Speaker Program,https://techsparks.yourstory.com/speakers-a/pooja-gulrajani
160,Poorvi Vijay,Vice President,Elevation Capital,Speaker,TechSparks 2024 Speaker Program,https://techsparks.yourstory.com/speakers-a/poorvi-vijay
161,Prabhu Rangarajan,Co-founder,M2P Fintech,Panel Discussion,India’s deeptech decade: From jugaad to AI-first innovation,https://techsparks.yourstory.com/blr-25-agenda-items/indias-deeptech-decade-from-jugaad-to-ai-first-innovation
162,Prashant Sachan,Founder & CEO,AppsForBharat,Speaker,TechSparks 2024 Speaker Program,https://techsparks.yourstory.com/speakers-a/prashant-sachan
163,Prasid Banerjee,Senior Account Director,"Thought Leadership Advisory, Adfactors PR",Speaker,TechSparks 2024 Speaker Program,https://techsparks.yourstory.com/speakers-a/prasid-banerjee
164,Pratik Desai,Founder & CEO,Kissan AI,Panel Discussion,Soil to satellite: Future of smart farming for India,https://techsparks.yourstory.com/blr-25-agenda-items/soil-to-satellite-future-of-smart-farming-for-india
165,Pratyush Kumar Panda,Sectoral expert ESG (CSR and Sustainability),Founder Basudev Panda Foundation,Speaker,TechSparks 2024 Speaker Program,https://techsparks.yourstory.com/speakers-a/pratyush-kumar-panda
166,Praveen Sridhar,Director Partnerships,AWS,Fireside Chat,Intelligence at scale: Building growth for a connected India,https://techsparks.yourstory.com/blr-25-agenda-items/intelligence-at-scale-building-growth-for-a-connected-india
167,Priya Narasimhan,CBO,Indus Appstore,Panel Discussion,"AI, Access, Ambition: How India Builds the Future of Global Apps",https://techsparks.yourstory.com/blr-25-agenda-items/ai-access-ambition-how-india-builds-the-future-of-global-apps
168,Priyadarshi Mohapatra,Founder & CEO,CureBay,Panel Discussion,Intelligent health: Building the future of care with AI,https://techsparks.yourstory.com/blr-25-agenda-items/intelligent-health-building-the-future-of-care-with-ai
169,Puneet Chandok,President,Microsoft India & South Asia,Keynote Address,Future of Work and Leading in the Age of AI,https://techsparks.yourstory.com/blr-25-agenda-items/future-of-work-and-leading-in-the-age-of-ai
170,Puspen Maity,CEO,Technosport,Fireside Chat,Performance for all: Democratizing activewear in India,https://techsparks.yourstory.com/blr-25-agenda-items/performance-for-all-democratizing-activewear-in-india
171,Raghav Chandra,Co-founder & CPTO,Urban Company,Panel Discussion,AI in enterprise: hype v/s reality,https://techsparks.yourstory.com/blr-25-agenda-items/ai-in-enterprise-hype-v-s-reality
172,Raghav Gupta,Founder & CEO,Futurense Technologies,Speaker,TechSparks 2024 Speaker Program,https://techsparks.yourstory.com/speakers-a/raghav-gupta
173,Raghuveer Subodha,AI Engineering Leader,EY GDS,Panel Discussion,GenAI engineering for the enterprise: From hype to high-impact systems,https://techsparks.yourstory.com/blr-25-agenda-items/efficiency-to-intelligence-reimagining-gccs-for-the-ai-age
174,Rahul Chandra,Managing Director,Arkam Ventures,Speaker,TechSparks 2024 Speaker Program,https://techsparks.yourstory.com/speakersb/rahul-chandra
175,Rahul Chari,Founder & CTO,PhonePe,Speaker,TechSparks 2024 Speaker Program,https://techsparks.yourstory.com/speakers-a/rahul-chari
176,Rahul Regulapati,Founder,Galleri5 (acquired by Collective Artists),Panel Discussion,Making AI real: Where creativity meets intelligence and scale,https://techsparks.yourstory.com/blr-25-agenda-items/making-ai-real-where-creativity-meets-intelligence-and-scale
177,Raj Mohan,Founder Director,Sustainable Green Initiative,Speaker,TechSparks 2024 Speaker Program,https://techsparks.yourstory.com/speakers-a/raj-mohan
178,Rajan Anandan,Managing Director,Peak XV & Surge,Fireside Chat,"Building for the AI age: Scaling India’s next 1,000 startups",https://techsparks.yourstory.com/blr-25-agenda-items/building-for-the-ai-age-scaling-indias-next-1-000-startups
179,Rajat Pandit,Head of Customer Engineering - Digital Natives,Google Cloud,Speaker,TechSparks 2024 Speaker Program,https://techsparks.yourstory.com/speakersb/rajat-pandit
180,Rajendran Dandapani,Director of Technology,Zoho Corp.,Panel Discussion,"AI, Access, Ambition: How India Builds the Future of Global Apps",https://techsparks.yourstory.com/blr-25-agenda-items/ai-access-ambition-how-india-builds-the-future-of-global-apps
